datetime,date,hour,total emojis,average emojis,total score,average scores,average body length
2013-02-13T01,13/2/13,1,7453,2.181791569,17875,5.232728337,173.7157494
2013-02-17T16,17/2/13,16,5117,1.428930466,14573,4.06953365,158.1706227
2013-02-14T20,14/2/13,20,2674,1.409594096,14857,7.831839747,160.6114918
2013-02-02T03,2/2/13,3,7170,1.322390262,37804,6.972334932,171.5931391
2013-02-27T18,27/2/13,18,3885,1.367957746,15098,5.316197183,167.8183099
2013-02-14T09,14/2/13,9,8445,1.4075,25962,4.327,171.173
2013-02-26T18,26/2/13,18,3264,1.210233593,10519,3.900259548,171.5561735
2013-02-01T12,1/2/13,12,6583,1.257497612,31538,6.024450812,165.0418338
2013-02-28T05,28/2/13,5,7533,1.306225074,31124,5.396913473,169.2096411
2013-02-15T22,15/2/13,22,3528,2.183168317,5040,3.118811881,167.4115099
2013-02-07T11,7/2/13,11,7041,1.321261025,30539,5.730718709,159.0243948
2013-02-14T17,14/2/13,17,4875,1.386518771,15789,4.490614334,154.6072241
2013-02-23T00,23/2/13,0,4544,1.631012204,15502,5.564249821,181.0685571
2013-02-11T23,11/2/13,23,2948,1.423466924,15016,7.250603573,155.1298889
2013-02-16T05,16/2/13,5,8894,1.732035054,29414,5.728140214,167.3953262
2013-02-06T01,6/2/13,1,5637,1.497608927,28993,7.702709883,170.8076514
2013-02-23T21,23/2/13,21,2389,1.583167661,9855,6.530815109,160.2876077
2013-02-11T02,11/2/13,2,4514,1.437579618,22327,7.110509554,163.2035032
2013-02-17T14,17/2/13,14,5896,1.449360865,20487,5.036135693,156.5737463
2013-02-14T11,14/2/13,11,7051,1.31597611,24960,4.658454647,152.9449421
2013-02-10T06,10/2/13,6,6056,1.35359857,26534,5.930710773,160.3757264
2013-02-03T04,3/2/13,4,5034,1.148004561,33487,7.636716078,155.7664766
2013-02-09T13,9/2/13,13,6299,1.345077941,29378,6.273329063,144.4119154
2013-02-16T01,16/2/13,1,4282,1.54084203,15899,5.721122706,167.3137819
2013-02-10T21,10/2/13,21,1833,1.075073314,7012,4.112609971,158.9806452
2013-02-12T21,12/2/13,21,3041,1.948110186,6099,3.907110826,181.2684177
2013-02-08T08,8/2/13,8,7863,1.344792201,25856,4.422096802,167.7444844
2013-02-21T09,21/2/13,9,8729,1.471014493,32752,5.519379845,166.4700034
2013-02-18T16,18/2/13,16,5995,1.399393091,23920,5.58356676,152.7217554
2013-02-19T08,19/2/13,8,8056,1.418309859,35724,6.28943662,172.3292254
2013-02-18T18,18/2/13,18,4419,1.438476563,15541,5.058919271,174.1546224
2013-02-04T11,4/2/13,11,5329,1.164554196,25991,5.679851399,134.6737325
2013-02-11T09,11/2/13,9,6633,1.325009988,29676,5.928086296,157.9830204
2013-02-26T12,26/2/13,12,7506,1.3344,33584,5.970488889,153.8076444
2013-02-27T20,27/2/13,20,2951,1.617872807,11712,6.421052632,173.7615132
2013-02-12T22,12/2/13,22,2704,1.588719154,10576,6.21386604,169.4565217
2013-02-02T01,2/2/13,1,5348,1.485143016,17168,4.767564565,172.4512635
2013-02-25T01,25/2/13,1,4374,1.695348837,13605,5.273255814,156.5562016
2013-02-01T17,1/2/13,17,4546,1.257190265,16562,4.580199115,159.3116704
2013-02-03T18,3/2/13,18,4552,1.512794948,12367,4.110003323,172.6045198
2013-02-06T04,6/2/13,4,7454,1.375023058,29451,5.432761483,175.4821989
2013-02-16T06,16/2/13,6,7465,1.382663456,38012,7.040563067,165.84386
2013-02-28T03,28/2/13,3,9886,1.81661154,34087,6.26368982,182.2761852
2013-02-08T01,8/2/13,1,6690,1.758212878,28128,7.392378449,175.3059133
2013-02-20T16,20/2/13,16,7443,1.496682083,22423,4.508948321,163.0802333
2013-02-19T23,19/2/13,23,2799,1.343090211,9344,4.483685221,181.3795585
2013-02-04T18,4/2/13,18,3942,1.293307087,13819,4.533792651,157.417979
2013-02-06T16,6/2/13,16,5316,1.175326111,19186,4.241874862,148.8290957
2013-02-13T08,13/2/13,8,8209,1.332846241,35841,5.819288846,168.5772041
2013-02-06T10,6/2/13,10,7066,1.289180806,31498,5.74676154,157.9098705
2013-02-17T07,17/2/13,7,7044,1.698167792,23529,5.672372228,163.9708293
2013-02-24T02,24/2/13,2,4128,1.292018779,22208,6.95086072,149.9790297
2013-02-12T23,12/2/13,23,3060,1.464815701,13149,6.294399234,169.1072283
2013-02-08T22,8/2/13,22,2864,1.668997669,6247,3.64044289,165.988345
2013-02-13T19,13/2/13,19,3830,1.560717196,10899,4.441320293,165.3247759
2013-02-02T12,2/2/13,12,6792,1.534568459,21875,4.942385901,152.9469047
2013-02-26T10,26/2/13,10,7004,1.335367016,27663,5.274165872,161.1731173
2013-02-28T20,28/2/13,20,2425,1.298875201,7330,3.926084628,162.0091055
2013-02-03T12,3/2/13,12,5567,1.33469192,20528,4.921601534,150.5931431
2013-02-05T12,5/2/13,12,7440,1.441860465,30262,5.864728682,154.854845
2013-02-07T00,7/2/13,0,4290,1.557168784,15553,5.645372051,169.8431942
2013-02-09T21,9/2/13,21,1602,1.010725552,7265,4.583596215,153.6347003
2013-02-18T02,18/2/13,2,4056,1.271074898,23647,7.410529615,167.2378565
2013-02-01T21,1/2/13,21,2629,1.528488372,9974,5.798837209,180.2116279
2013-02-03T01,3/2/13,1,3760,1.583824768,15989,6.735046335,167.23631
2013-02-04T12,4/2/13,12,4991,0.986753658,29362,5.805061289,129.5409253
2013-02-07T18,7/2/13,18,3563,1.308963997,10085,3.704996326,164.7097722
2013-02-27T06,27/2/13,6,8195,1.478708048,35739,6.448754962,181.1143991
2013-02-05T06,5/2/13,6,8472,1.478276043,31873,5.56150759,169.6414238
2013-02-28T21,28/2/13,21,2468,1.558080808,7860,4.962121212,187.2758838
2013-02-05T02,5/2/13,2,5587,1.388419483,23062,5.73111332,170.4182406
2013-02-04T16,4/2/13,16,5641,1.179878686,23317,4.877013177,153.2066513
2013-02-22T21,22/2/13,21,3526,1.970933482,8607,4.811067636,178.2655115
2013-02-19T20,19/2/13,20,3317,1.763423711,6881,3.658160553,177.804891
2013-02-08T11,8/2/13,11,7356,1.39609034,23817,4.520212564,164.2734864
2013-02-10T16,10/2/13,16,7226,1.572921202,26776,5.82847192,149.4270788
2013-02-06T09,6/2/13,9,8208,1.484536082,30644,5.542412733,166.6804124
2013-02-17T12,17/2/13,12,5436,1.300478469,26827,6.417942584,153.0069378
2013-02-09T02,9/2/13,2,6505,1.429984612,33150,7.287315894,167.428226
2013-02-12T18,12/2/13,18,4521,1.565985452,10036,3.476272948,167.8701074
2013-02-24T15,24/2/13,15,5363,1.275083214,18721,4.451022349,151.0967665
2013-02-24T16,24/2/13,16,6243,1.49748141,21783,5.224994003,152.9462701
2013-02-02T21,2/2/13,21,2168,1.428194993,7817,5.149538867,160.8662714
2013-02-04T07,4/2/13,7,6936,1.375644585,27471,5.448433161,161.8137644
2013-02-02T10,2/2/13,10,7148,1.435629645,24755,4.971881904,162.7957421
2013-02-10T07,10/2/13,7,6058,1.296938557,31479,6.739242132,158.9214301
2013-02-11T17,11/2/13,17,7290,1.893998441,15993,4.155105222,155.3299558
2013-02-22T22,22/2/13,22,3401,1.862541073,7851,4.299561884,169.2092004
2013-02-21T18,21/2/13,18,5547,1.932079415,12646,4.404737025,175.251132
2013-02-21T06,21/2/13,6,8763,1.532260885,29407,5.141982864,172.9328554
2013-02-27T14,27/2/13,14,7035,1.255353319,27668,4.937187723,149.3906138
2013-02-23T18,23/2/13,18,3860,1.454956653,10441,3.935544666,142.8771202
2013-02-28T13,28/2/13,13,9281,1.611564508,25929,4.502344157,147.508248
2013-02-08T15,8/2/13,15,6769,1.402901554,19102,3.958963731,150.2974093
2013-02-15T02,15/2/13,2,5938,1.337387387,28675,6.458333333,165.570045
2013-02-24T03,24/2/13,3,6104,1.496445207,33450,8.200539348,156.2544741
2013-02-18T03,18/2/13,3,5820,1.546227418,26988,7.170031881,162.2672689
2013-02-21T13,21/2/13,13,7871,1.419989176,29534,5.328161645,149.5868663
2013-02-19T11,19/2/13,11,6903,1.411945183,24075,4.924319902,164.1664962
2013-02-08T17,8/2/13,17,4306,1.216727889,15534,4.38937553,152.5871715
2013-02-03T15,3/2/13,15,5105,1.165525114,29020,6.625570776,154.6586758
2013-02-09T08,9/2/13,8,7814,1.413786864,22342,4.042337615,158.5265062
2013-02-28T04,28/2/13,4,8468,1.495056497,28061,4.954272599,171.0351342
2013-02-21T21,21/2/13,21,2376,1.421903052,7087,4.24117295,168.6505087
2013-02-26T20,26/2/13,20,2968,1.653481894,8866,4.939275766,167.1582173
2013-02-02T19,2/2/13,19,3792,1.689839572,8512,3.793226381,174.214795
2013-02-28T16,28/2/13,16,7697,1.593911783,19893,4.119486436,155.9867467
2013-02-09T23,9/2/13,23,1570,0.994930292,12437,7.881495564,143.9429658
2013-02-16T08,16/2/13,8,8206,1.599298382,37535,7.315338141,164.812902
2013-02-15T21,15/2/13,21,3148,1.918342474,5231,3.187690433,158.6739793
2013-02-20T02,20/2/13,2,7459,1.699088838,38583,8.788838269,185.0776765
2013-02-14T10,14/2/13,10,8405,1.500357015,25615,4.572474116,166.8304177
2013-02-19T09,19/2/13,9,7563,1.407069767,27416,5.100651163,165.0293953
2013-02-27T15,27/2/13,15,7924,1.571286932,26742,5.302795955,157.2214951
2013-02-08T20,8/2/13,20,3207,1.767916207,6459,3.560639471,178.0330761
2013-02-28T15,28/2/13,15,7918,1.46142488,23455,4.329088224,153.655777
2013-02-18T01,18/2/13,1,4406,1.824430642,18322,7.586749482,164.7954451
2013-02-15T07,15/2/13,7,7451,1.354727273,40783,7.415090909,163.77
2013-02-19T04,19/2/13,4,8790,1.52339688,54729,9.485095321,179.5355286
2013-02-06T19,6/2/13,19,3334,1.516833485,6963,3.167879891,174.7957234
2013-02-13T14,13/2/13,14,6964,1.165523013,38356,6.419414226,147.8306276
2013-02-22T13,22/2/13,13,7806,1.432556432,24518,4.4995412,157.0181685
2013-02-07T03,7/2/13,3,6596,1.46969697,30135,6.714572193,180.8393494
2013-02-03T03,3/2/13,3,4800,1.23425045,27447,7.057598354,153.4502443
2013-02-26T04,26/2/13,4,8548,1.643214148,36051,6.930219146,169.7941176
2013-02-22T03,22/2/13,3,7787,1.488625502,30033,5.741349646,177.0189256
2013-02-16T09,16/2/13,9,6664,1.367816092,25351,5.203407225,164.5289409
2013-02-03T05,3/2/13,5,6290,1.408103873,30401,6.805686143,157.4356391
2013-02-05T21,5/2/13,21,2772,1.552941176,8592,4.813445378,173.5859944
2013-02-06T06,6/2/13,6,7864,1.419494585,32121,5.79801444,174.1521661
2013-02-17T20,17/2/13,20,2356,1.32285233,7722,4.335766423,160.3385738
2013-02-04T00,4/2/13,0,3252,1.736252002,7643,4.080619327,169.1713828
2013-02-07T20,7/2/13,20,2469,1.406036446,8356,4.758542141,171.0990888
2013-03-01T06,1/3/13,6,9570,1.594202899,30931,5.152590371,171.6220223
2013-02-05T04,5/2/13,4,8565,1.690015785,33462,6.602604578,180.9394238
2013-02-07T02,7/2/13,2,7061,1.628083929,30417,7.0133733,186.4367074
2013-02-03T21,3/2/13,21,2026,1.228623408,7592,4.604002426,153.4147968
2013-02-11T14,11/2/13,14,7114,1.276970023,38528,6.915814037,147.8811703
2013-02-28T14,28/2/13,14,6842,1.150496048,27735,4.663695981,142.5510341
2013-02-21T07,21/2/13,7,9421,1.600305758,29688,5.042976049,173.2378121
2013-02-27T03,27/2/13,3,8033,1.521113425,27634,5.232721076,185.7684151
2013-02-17T11,17/2/13,11,6040,1.476772616,28738,7.026405868,168.4669927
2013-02-15T06,15/2/13,6,9357,1.701891597,40504,7.367042561,166.9394325
2013-02-24T14,24/2/13,14,5998,1.383621684,30348,7.000692042,145.6685121
2013-02-15T19,15/2/13,19,3945,1.76431127,9213,4.120304114,167.3497317
2013-02-05T11,5/2/13,11,8367,1.569793621,41332,7.754596623,164.6562852
2013-02-11T12,11/2/13,12,6484,1.258540373,33586,6.519021739,152.1675078
2013-02-05T17,5/2/13,17,4469,1.191415623,17071,4.551053053,148.4972007
2013-02-19T17,19/2/13,17,5182,1.369812318,13673,3.614327254,157.9949775
2013-02-19T15,19/2/13,15,8266,1.529890801,25092,4.644086619,158.9713122
2013-02-06T00,6/2/13,0,3673,1.336122226,28591,10.40050928,174.7901055
2013-02-15T08,15/2/13,8,9069,1.572840791,31656,5.490114464,166.4699965
2013-02-13T09,13/2/13,9,10347,1.751057709,24106,4.079539685,171.8965984
2013-02-20T03,20/2/13,3,7633,1.403899209,40034,7.363251793,173.5162774
2013-02-19T12,19/2/13,12,8201,1.559421943,33435,6.357672561,154.3816315
2013-02-28T23,28/2/13,23,3276,1.545283019,11130,5.25,160.2481132
2013-02-09T00,9/2/13,0,3436,1.255389112,20454,7.47314578,156.8388747
2013-02-23T16,23/2/13,16,5170,1.383462671,20655,5.527160824,141.8993845
2013-02-27T01,27/2/13,1,5602,1.450168263,22771,5.89464147,169.9350246
2013-02-21T11,21/2/13,11,6790,1.274399399,29851,5.602665165,156.5409159
2013-02-20T21,20/2/13,21,2536,1.58698373,6743,4.219649562,175.2177722
2013-02-26T17,26/2/13,17,4591,1.326112074,14906,4.305603697,161.9719815
2013-02-26T07,26/2/13,7,8936,1.456323338,50826,8.283246415,160.1041395
2013-02-23T03,23/2/13,3,9035,1.678432101,33637,6.248746052,174.81423
2013-02-21T20,21/2/13,20,3287,1.795193883,7843,4.283451666,175.2965593
2013-02-09T15,9/2/13,15,6086,1.534543621,18264,4.605143722,151.9026727
2013-02-16T19,16/2/13,19,3955,1.825946445,10128,4.675900277,173.0350877
2013-02-08T18,8/2/13,18,5507,1.87249235,14069,4.783747025,173.4692282
2013-02-02T22,2/2/13,22,1121,0.836567164,4516,3.370149254,152.4850746
2013-02-17T17,17/2/13,17,4723,1.441257247,13548,4.134269149,156.1357949
2013-02-16T20,16/2/13,20,3851,2.090662324,10373,5.631378936,163.9229099
2013-02-08T13,8/2/13,13,6598,1.251754885,25560,4.84917473,145.2612408
2013-02-18T09,18/2/13,9,7682,1.627887264,26114,5.533799534,163.7217631
2013-02-13T13,13/2/13,13,11306,1.99576346,26356,4.652427184,153.5394528
2013-02-20T11,20/2/13,11,8049,1.490003702,26593,4.922806368,167.6543873
2013-03-01T10,1/3/13,10,6803,1.292117759,32465,6.166191833,156.5094017
2013-02-10T22,10/2/13,22,2329,1.484384959,6311,4.022307202,183.3301466
2013-02-02T04,2/2/13,4,8272,1.501270417,29463,5.347186933,169.6724138
2013-02-15T17,15/2/13,17,5276,1.503562268,14955,4.261897977,147.1370761
2013-02-24T00,24/2/13,0,2839,1.472510373,9391,4.870850622,150.4740664
2013-02-12T14,12/2/13,14,8091,1.526315789,24131,4.55215997,153.1620449
2013-02-02T16,2/2/13,16,4439,1.183417755,15983,4.260997067,147.7296721
2013-02-25T23,25/2/13,23,3622,1.905312993,12137,6.384534456,171.8190426
2013-02-21T23,21/2/13,23,4052,1.787384208,8138,3.589766211,171.5906484
2013-02-15T23,15/2/13,23,3302,1.788732394,8290,4.490790899,165.4907909
2013-02-08T19,8/2/13,19,3368,1.471384884,9625,4.204892966,165.1533421
2013-02-17T18,17/2/13,18,3647,1.354754829,11118,4.130014859,165.9691679
2013-02-24T04,24/2/13,4,5661,1.341469194,27861,6.602132701,154.5059242
2013-02-26T08,26/2/13,8,8356,1.303995006,36409,5.681803995,158.5305868
2013-02-03T09,3/2/13,9,5206,1.199539171,20225,4.660138249,153.0352535
2013-03-01T04,1/3/13,4,8234,1.413319602,29786,5.112598696,168.0485754
2013-02-01T19,1/2/13,19,2955,1.346241458,10009,4.559908884,168.8806378
2013-02-14T12,14/2/13,12,7337,1.391955986,25027,4.748055397,156.5949535
2013-02-23T05,23/2/13,5,8715,1.499225873,26598,4.575606399,174.8888698
2013-02-09T04,9/2/13,4,7965,1.40749249,33104,5.849796784,173.0466514
2013-02-10T14,10/2/13,14,5646,1.323488045,21358,5.006563526,158.0752461
2013-02-08T07,8/2/13,7,9721,1.662277702,36702,6.275991792,181.3014706
2013-02-28T06,28/2/13,6,8469,1.431299645,40639,6.868176441,175.2044955
2013-02-17T00,17/2/13,0,3108,1.653191489,8334,4.432978723,163.2744681
2013-02-22T16,22/2/13,16,6323,1.349914603,31986,6.828778822,166.6626815
2013-02-27T16,27/2/13,16,6509,1.447731317,21799,4.848532028,159.54871
2013-02-01T20,1/2/13,20,2923,1.606926883,6813,3.745464541,177.0615723
2013-02-26T15,26/2/13,15,7385,1.342971449,32102,5.837788689,151.1272959
2013-02-02T23,2/2/13,23,2227,1.475811796,5168,3.424784626,161.3777336
2013-02-05T15,5/2/13,15,6216,1.186939087,28258,5.395837311,149.5253007
2013-02-17T03,17/2/13,3,4845,1.268324607,25369,6.641099476,158.4397906
2013-02-15T20,15/2/13,20,4182,2.296540362,6991,3.839099396,172.1109281
2013-02-26T01,26/2/13,1,5208,1.605920444,27330,8.427382054,187.3956213
2013-02-09T12,9/2/13,12,6632,1.372232568,41280,8.541278709,151.9631699
2013-02-12T02,12/2/13,2,6007,1.334592313,26643,5.919351255,158.8773606
2013-02-03T14,3/2/13,14,5303,1.256932922,21745,5.154064944,151.8701114
2013-02-20T05,20/2/13,5,8647,1.474339301,31250,5.328218244,181.2613811
2013-02-09T19,9/2/13,19,3102,1.436776285,16693,7.731820287,171.5970357
2013-02-20T00,20/2/13,0,4012,1.421183139,14599,5.171448813,181.0247963
2013-02-14T22,14/2/13,22,2988,1.624796085,6420,3.491027732,163.8977705
2013-02-02T17,2/2/13,17,4788,1.47550077,15431,4.755315871,159.0067797
2013-02-23T13,23/2/13,13,5718,1.319031142,16900,3.898500577,149.0357555
2013-02-05T10,5/2/13,10,6513,1.239155251,28380,5.399543379,161.9817352
2013-02-09T09,9/2/13,9,9020,1.750436639,31451,6.103434892,170.172909
2013-02-16T15,16/2/13,15,6356,1.606267374,21369,5.40030326,154.2656053
2013-02-25T03,25/2/13,3,6030,1.580188679,32394,8.488993711,162.1813417
2013-02-05T08,5/2/13,8,8487,1.431921714,26469,4.465834318,170.9291378
2013-02-18T00,18/2/13,0,2439,1.319091401,11128,6.018388318,174.4591671
2013-02-08T04,8/2/13,4,8734,1.536864332,30564,5.378145346,178.3777934
2013-02-18T22,18/2/13,22,1919,1.136175252,8328,4.930728242,181.8046181
2013-02-06T02,6/2/13,2,6524,1.440812721,27477,6.068242049,172.7449205
2013-02-07T10,7/2/13,10,6650,1.218841642,29140,5.340909091,157.5912757
2013-02-12T17,12/2/13,17,5611,1.48321438,14964,3.955590801,152.0375363
2013-02-13T22,13/2/13,22,2043,1.162116041,6661,3.788964733,164.3947668
2013-02-19T13,19/2/13,13,7584,1.39797235,29347,5.409585253,151.082212
2013-02-02T08,2/2/13,8,7279,1.22935315,35254,5.954061814,160.6081743
2013-02-24T21,24/2/13,21,2482,1.506067961,6721,4.078276699,168.3913835
2013-02-10T23,10/2/13,23,2382,1.545749513,6839,4.438027255,160.1486048
2013-02-18T19,18/2/13,19,3420,1.371291099,9031,3.621090617,153.97915
2013-02-27T11,27/2/13,11,7099,1.277487853,30330,5.457980925,160.1299262
2013-02-25T13,25/2/13,13,6501,1.28250148,37457,7.389425922,148.6819886
2013-02-27T04,27/2/13,4,8415,1.560934891,32724,6.070116861,185.2086811
2013-02-11T22,11/2/13,22,3226,1.756124115,12144,6.610778443,159.0190528
2013-02-25T11,25/2/13,11,5786,1.187115306,30983,6.356791137,150.3317604
2013-02-15T12,15/2/13,12,6853,1.390625,26056,5.287337662,144.8189935
2013-02-13T20,13/2/13,20,3546,1.813810742,7449,3.810230179,174.9089514
2013-02-05T19,5/2/13,19,3394,1.426649853,9427,3.962589323,171.1567886
2013-02-13T16,13/2/13,16,7097,1.410093384,23727,4.714285714,165.4917544
2013-02-12T03,12/2/13,3,8569,1.603480539,27136,5.077844311,178.1700973
2013-02-14T03,14/2/13,3,8370,1.631260963,31877,6.212629117,191.0005847
2013-02-13T02,13/2/13,2,7075,1.626810761,21286,4.894458496,182.6362382
2013-02-27T23,27/2/13,23,3747,1.743601675,14063,6.543973941,159.0972545
2013-02-24T11,24/2/13,11,5786,1.403347077,19499,4.729323308,154.4654378
2013-02-22T20,22/2/13,20,3213,1.53585086,10690,5.109942639,174.1826004
2013-02-07T08,7/2/13,8,8228,1.250265917,34657,5.266220939,168.2827838
2013-02-15T13,15/2/13,13,7927,1.608236965,28542,5.790626902,138.9754514
2013-02-20T13,20/2/13,13,7522,1.313427624,26183,4.571852628,146.3607473
2013-02-22T01,22/2/13,1,6981,1.749185668,28704,7.19218241,176.3086946
2013-02-26T05,26/2/13,5,8508,1.631760644,33117,6.35155351,177.8486766
2013-02-26T11,26/2/13,11,6610,1.229081443,29702,5.522870956,154.2361473
2013-02-11T13,11/2/13,13,5860,1.070124178,36231,6.616325785,139.5078524
2013-02-12T04,12/2/13,4,7630,1.3542776,33355,5.920305289,168.0589279
2013-02-09T10,9/2/13,10,7123,1.442486837,25177,5.098622924,148.6407452
2013-02-27T17,27/2/13,17,6409,1.768,16174,4.461793103,164.5064828
2013-02-20T17,20/2/13,17,6627,1.697489754,17066,4.371413934,161.4518443
2013-02-06T22,6/2/13,22,2226,1.4115409,5732,3.634749524,168.4267597
2013-02-20T14,20/2/13,14,7661,1.327499567,31996,5.54427309,151.2145209
2013-02-09T11,9/2/13,11,6217,1.293053245,24754,5.148502496,146.9292845
2013-02-14T07,14/2/13,7,10216,1.652005175,42423,6.860122898,172.1963131
2013-02-23T07,23/2/13,7,8029,1.426616915,28897,5.134506041,171.3900142
2013-02-25T07,25/2/13,7,7985,1.643342251,28368,5.838238321,167.0008232
2013-02-25T00,25/2/13,0,3203,1.658726049,12872,6.665976178,158.2081823
2013-02-24T22,24/2/13,22,2975,1.921834625,7044,4.550387597,162.500646
2013-02-08T03,8/2/13,3,8866,1.671883839,28565,5.386573638,183.8070903
2013-02-12T12,12/2/13,12,6976,1.342312873,22254,4.282085819,155.1252646
2013-02-06T12,6/2/13,12,6609,1.218698138,23859,4.39959432,153.9277153
2013-02-02T13,2/2/13,13,5149,1.257387057,18443,4.503785104,141.7897436
2013-02-18T17,18/2/13,17,13645,3.76206231,17325,4.776674938,161.90681
2013-02-20T09,20/2/13,9,7680,1.329639889,37244,6.448060942,164.0538435
2013-02-12T15,12/2/13,15,8262,1.60271581,27596,5.353249273,155.6550921
2013-02-15T14,15/2/13,14,7000,1.39275766,23398,4.655391962,144.0453641
2013-02-23T04,23/2/13,4,7404,1.320256776,40120,7.154065621,177.6009272
2013-02-16T13,16/2/13,13,5093,1.230193237,20230,4.88647343,147.6586957
2013-02-27T09,27/2/13,9,8837,1.482469384,43766,7.342056702,177.129844
2013-02-10T05,10/2/13,5,6313,1.351241438,27785,5.947131849,156.0408818
2013-02-07T14,7/2/13,14,8000,1.437039698,38448,6.90641279,153.0916113
2013-02-11T21,11/2/13,21,2481,1.523020258,5511,3.38305709,173.0405157
2013-02-26T09,26/2/13,9,7360,1.274900398,31057,5.379698597,161.2049195
2013-02-28T17,28/2/13,17,4954,1.276804124,14545,3.74871134,154.3085052
2013-02-16T03,16/2/13,3,5557,1.500269978,39178,10.57721382,174.8947084
2013-02-09T06,9/2/13,6,8589,1.534572092,28307,5.05753082,169.743434
2013-02-10T17,10/2/13,17,3809,1.037591937,21190,5.772269136,154.1016072
2013-02-24T10,24/2/13,10,5558,1.324594852,23143,5.515490944,152.5903241
2013-02-12T10,12/2/13,10,7827,1.553284382,21171,4.201428855,160.0984322
2013-02-16T21,16/2/13,21,2563,1.675163399,6965,4.552287582,163.0869281
2013-02-15T09,15/2/13,9,7950,1.495485327,26257,4.93924003,158.8442438
2013-02-19T02,19/2/13,2,9358,2.384203822,32964,8.398471338,191.3192357
2013-02-16T12,16/2/13,12,5408,1.362903226,19783,4.985635081,150.7744456
2013-02-13T18,13/2/13,18,4834,1.515835685,15013,4.707745375,160.1489495
2013-02-13T03,13/2/13,3,7031,1.400039825,26142,5.205495818,183.3399044
2013-02-04T01,4/2/13,1,3202,1.278753994,16188,6.46485623,153.5511182
2013-02-14T04,14/2/13,4,9408,1.68723099,39548,7.092539455,181.321198
2013-02-10T08,10/2/13,8,6316,1.395492709,30741,6.792090146,157.0125939
2013-02-07T05,7/2/13,5,9046,1.516004692,42803,7.173286409,174.0807776
2013-02-12T05,12/2/13,5,10042,1.527997565,54126,8.235849057,178.6445526
2013-02-28T07,28/2/13,7,9436,1.512906846,38947,6.244508578,169.7479557
2013-02-27T08,27/2/13,8,9222,1.452512207,43972,6.925815089,163.2228697
2013-03-01T02,1/3/13,2,6984,1.50874919,40846,8.823936055,174.8405703
2013-02-10T04,10/2/13,4,5315,1.220997014,25436,5.843326442,155.6609235
2013-02-21T10,21/2/13,10,6997,1.283853211,29953,5.495963303,161.9823853
2013-02-05T22,5/2/13,22,3400,1.873278237,8267,4.554820937,168.5713499
2013-02-04T23,4/2/13,23,2453,1.29309436,12284,6.475487612,157.6362678
2013-02-10T03,10/2/13,3,6500,1.666666667,33977,8.712051282,153.9697436
2013-02-14T02,14/2/13,2,6828,1.471551724,29888,6.44137931,177.6150862
2013-03-01T03,1/3/13,3,8164,1.514375812,37053,6.87312187,174.8020775
2013-02-21T00,21/2/13,0,3949,1.453441296,12149,4.471475893,168.5789474
2013-02-24T20,24/2/13,20,3906,2.045026178,7880,4.12565445,163.2612565
2013-02-11T11,11/2/13,11,6393,1.293867638,30673,6.207852661,150.9058895
2013-02-09T20,9/2/13,20,3370,1.903954802,12333,6.96779661,182.9175141
2013-02-18T14,18/2/13,14,6043,1.204264647,26320,5.245117577,150.4314468
2013-02-12T00,12/2/13,0,3874,1.498646035,17539,6.784912959,169.4889749
2013-02-23T20,23/2/13,20,2581,1.500581395,6786,3.945348837,160.4924419
2013-02-05T23,5/2/13,23,2857,1.330074488,13538,6.302607076,170.66527
2013-02-08T05,8/2/13,5,8835,1.588457389,31021,5.57731032,176.7678892
2013-02-24T12,24/2/13,12,6215,1.449731747,20380,4.753907161,153.7902962
2013-02-12T19,12/2/13,19,4223,1.845716783,8290,3.623251748,178.4763986
2013-02-25T21,25/2/13,21,2964,1.778044391,7174,4.303539292,160.6574685
2013-02-13T10,13/2/13,10,8623,1.572392414,24876,4.536105033,161.4877826
2013-02-18T20,18/2/13,20,2278,1.151086407,14754,7.455280445,162.6483072
2013-02-27T12,27/2/13,12,7927,1.477815063,26149,4.874906786,160.049217
2013-02-24T08,24/2/13,8,6317,1.471808015,25718,5.992078285,156.6335042
2013-02-15T03,15/2/13,3,8128,1.602839677,35295,6.960165648,180.6304476
2013-02-10T10,10/2/13,10,6976,1.601101675,24797,5.691301354,159.335093
2013-02-13T11,13/2/13,11,8194,1.481735986,33705,6.094936709,159.3216998
2013-02-19T00,19/2/13,0,2590,1.0969928,10627,4.501058873,161.6814909
2013-02-16T11,16/2/13,11,8075,1.865326865,24425,5.642180642,157.2326172
2013-02-24T13,24/2/13,13,6443,1.511022514,26937,6.317307692,160.5762195
2013-02-03T19,3/2/13,19,2402,1.03045903,8451,3.625482625,155.7391677
2013-02-24T18,24/2/13,18,4800,1.554907677,15748,5.101392938,155.5357953
2013-02-25T15,25/2/13,15,6628,1.263198018,26181,4.989708405,144.084048
2013-02-11T10,11/2/13,10,5624,1.161983471,30120,6.223140496,160.1938017
2013-02-19T16,19/2/13,16,5709,1.183457711,19113,3.962064677,158.1898839
2013-02-04T15,4/2/13,15,6635,1.260208927,26782,5.08679962,143.6262108
2013-02-21T14,21/2/13,14,12540,2.238486255,23812,4.250624777,157.1224563
2013-02-04T21,4/2/13,21,1534,0.987129987,12055,7.757400257,166.451094
2013-02-09T01,9/2/13,1,5324,1.468689655,28973,7.992551724,166.2231724
2013-02-06T08,6/2/13,8,8457,1.385939036,40244,6.595214684,170.7240249
2013-02-12T11,12/2/13,11,7013,1.448069378,19511,4.028701218,156.2283708
2013-02-17T23,17/2/13,23,2563,1.730587441,7490,5.057393653,160.6313302
2013-02-22T15,22/2/13,15,7665,1.432442534,34564,6.459353392,159.8336759
2013-02-22T17,22/2/13,17,5879,1.557763646,19007,5.036301007,169.0882353
2013-02-04T06,4/2/13,6,7675,1.470024899,28954,5.545680904,161.2468876
2013-02-28T22,28/2/13,22,2515,1.433048433,8611,4.906552707,169.7988604
2013-02-16T14,16/2/13,14,5443,1.349615671,16233,4.025043392,152.5792214
2013-02-04T09,4/2/13,9,6999,1.501287001,25939,5.563921064,157.9026169
2013-02-26T13,26/2/13,13,7606,1.329487852,28893,5.05034085,156.4254501
2013-02-22T00,22/2/13,0,4555,1.508278146,22898,7.582119205,164.5794702
2013-02-25T16,25/2/13,16,5980,1.291018998,21148,4.565630397,161.3443437
2013-03-01T07,1/3/13,7,7446,1.251638931,32995,5.546310304,165.1011935
2013-02-14T15,14/2/13,15,6929,1.412352222,22449,4.57582552,149.0750102
2013-02-07T19,7/2/13,19,3127,1.468075117,8828,4.144600939,171.8539906
2013-02-03T17,3/2/13,17,4458,1.242821299,16507,4.601895735,148.0683022
2013-02-05T07,5/2/13,7,8672,1.442928453,37354,6.21530782,168.0455907
2013-02-22T12,22/2/13,12,8395,1.538673021,28992,5.313782991,159.4050587
2013-02-11T20,11/2/13,20,2801,1.468799161,5777,3.029365496,168.8243314
2013-02-03T00,3/2/13,0,2478,1.423319931,9548,5.48420448,167.0970706
2013-02-24T19,24/2/13,19,3802,1.589464883,12769,5.338210702,166.2395485
2013-02-03T11,3/2/13,11,5125,1.210439301,20904,4.937175248,153.4270194
2013-02-28T00,28/2/13,0,4111,1.496541682,18944,6.896250455,162.6363305
2013-02-10T09,10/2/13,9,6555,1.497943327,25623,5.855347349,160.3606033
2013-02-11T06,11/2/13,6,6672,1.349241658,26915,5.442871587,160.4964611
2013-02-27T13,27/2/13,13,6729,1.231966313,27060,4.95422922,145.3095936
2013-02-21T15,21/2/13,15,7650,1.425642937,25097,4.677040626,153.5139769
2013-02-21T01,21/2/13,1,6500,1.790140457,21498,5.920683007,172.3147893
2013-02-03T06,3/2/13,6,5706,1.272808387,27082,6.041043944,160.2656703
2013-02-05T05,5/2/13,5,8582,1.581643937,32604,6.008846296,177.4824917
2013-02-07T07,7/2/13,7,7934,1.258166825,30713,4.87044085,166.928798
2013-02-06T07,6/2/13,7,8719,1.558355675,28475,5.089365505,172.8420018
2013-02-17T01,17/2/13,1,3571,1.558027923,12231,5.336387435,156.1012216
2013-02-02T07,2/2/13,7,9643,1.568477554,39647,6.448763826,170.2898504
2013-02-21T02,21/2/13,2,6555,1.445743273,31045,6.84715483,175.9964711
2013-02-26T19,26/2/13,19,3471,1.514397906,10325,4.504799302,164.7739965
2013-02-01T16,1/2/13,16,8315,1.970846172,26593,6.303152406,158.5238208
2013-02-14T08,14/2/13,8,9263,1.491146169,33383,5.373953638,174.992595
2013-02-18T04,18/2/13,4,6368,1.568472906,27745,6.833743842,171.6273399
2013-02-27T02,27/2/13,2,8102,1.704249053,28624,6.021034918,181.5035759
2013-02-09T03,9/2/13,3,7403,1.390495868,27844,5.229902329,167.9861007
2013-02-08T06,8/2/13,6,9182,1.527787022,50032,8.324792013,172.5211314
2013-02-10T18,10/2/13,18,4086,1.33485789,13553,4.427638027,157.3257106
2013-02-27T22,27/2/13,22,2629,1.553782506,5635,3.330378251,178.7062648
2013-02-02T06,2/2/13,6,7975,1.350550381,30774,5.211515665,169.4406435
2013-02-03T13,3/2/13,13,6198,1.524348254,19061,4.687899656,158.7085588
2013-02-14T23,14/2/13,23,3353,1.522015433,11206,5.086699955,162.549251
2013-02-10T02,10/2/13,2,4283,1.345163317,27092,8.50879397,144.7207915
2013-02-07T04,7/2/13,4,7973,1.429878049,31087,5.575143472,177.8945481
2013-02-17T04,17/2/13,4,6575,1.57447318,31139,7.456657088,165.4616858
2013-02-27T10,27/2/13,10,11004,1.93256059,37822,6.642430629,167.8314015
2013-02-11T00,11/2/13,0,2420,1.337755666,14025,7.752902156,162.5450525
2013-02-25T10,25/2/13,10,6723,1.426782683,22321,4.737054329,158.8656621
2013-02-21T08,21/2/13,8,7553,1.210610675,33207,5.322487578,158.5951274
2013-02-23T10,23/2/13,10,7521,1.525557809,18250,3.701825558,162.3066937
2013-02-26T03,26/2/13,3,7123,1.530840318,30604,6.577261982,172.8534279
2013-02-04T17,4/2/13,17,5079,1.355122732,15481,4.130469584,150.8754002
2013-02-18T10,18/2/13,10,7061,1.533999566,23818,5.174451445,162.724093
2013-02-16T07,16/2/13,7,7624,1.465026902,29285,5.627401998,169.4189085
2013-02-26T21,26/2/13,21,2902,1.792464484,6739,4.162445954,183.0179123
2013-02-11T04,11/2/13,4,5632,1.209881847,47629,10.23179377,154.0410311
2013-02-22T14,22/2/13,14,7190,1.317091042,28260,5.176772303,154.673933
2013-02-06T23,6/2/13,23,3420,1.678939617,11703,5.745213549,187.0378007
2013-02-22T19,22/2/13,19,3661,1.459728868,9456,3.770334928,168.0131579
2013-02-23T14,23/2/13,14,5966,1.437936852,18773,4.524704748,153.8440588
2013-02-18T15,18/2/13,15,5899,1.218549886,21541,4.449700475,150.9425738
2013-02-13T05,13/2/13,5,8210,1.535727647,28856,5.397680509,180.5400299
2013-02-21T05,21/2/13,5,8518,1.515388721,28704,5.106564668,176.4954634
2013-02-27T00,27/2/13,0,5384,1.856551724,18097,6.240344828,162.9424138
2013-02-12T16,12/2/13,16,7640,1.747084381,21629,4.946032472,161.3978962
2013-02-07T21,7/2/13,21,2275,1.478232619,6711,4.360623782,181.9967511
2013-02-05T20,5/2/13,20,2609,1.339322382,6763,3.471765914,176.3850103
2013-02-25T22,25/2/13,22,2357,1.482389937,9191,5.780503145,163.1056604
2013-02-21T22,21/2/13,22,3178,1.752895753,7498,4.135686707,168.137893
2013-02-03T22,3/2/13,22,2328,1.505821475,5441,3.519404916,171.6914618
2013-02-11T03,11/2/13,3,5933,1.49107816,40046,10.06433777,164.5084192
2013-02-08T10,8/2/13,10,7524,1.399033098,30610,5.691706954,164.4531424
2013-02-23T09,23/2/13,9,9760,1.899202179,19960,3.884024129,164.6024518
2013-02-02T05,2/2/13,5,4983,1.338077336,21921,5.88641246,175.5163802
2013-02-08T14,8/2/13,14,6600,1.285046729,21615,4.208528037,148.3023754
2013-02-08T12,8/2/13,12,6428,1.276156442,26065,5.174707167,152.3218185
2013-02-06T17,6/2/13,17,4933,1.407417974,14733,4.20342368,168.8356633
2013-03-01T01,1/3/13,1,5273,1.413294023,26417,7.080407397,174.0608416
2013-02-22T18,22/2/13,18,5111,1.632385819,11662,3.724688598,170.7326733
2013-02-15T00,15/2/13,0,3950,1.496779083,14509,5.497915877,166.4933687
2013-02-10T12,10/2/13,12,5828,1.381369993,19218,4.555107845,149.7179426
2013-02-17T02,17/2/13,2,3850,1.271886356,18889,6.240171787,161.7842749
2013-02-20T19,20/2/13,19,3590,1.589902569,8916,3.948627104,162.1922055
2013-02-12T06,12/2/13,6,8352,1.362701909,61980,10.11257954,165.8291728
2013-02-12T09,12/2/13,9,7329,1.396532012,23172,4.415396341,158.9761814
2013-02-13T23,13/2/13,23,3012,1.4055063,7443,3.473168455,180.1777881
2013-02-21T03,21/2/13,3,6433,1.257673509,32483,6.350537634,171.7843597
2013-02-22T04,22/2/13,4,8805,1.524147481,41614,7.203392764,172.4457331
2013-02-04T02,4/2/13,2,3927,1.195797808,19342,5.889768575,148.183313
2013-02-08T21,8/2/13,21,2571,1.611912226,6390,4.006269592,177.7623824
2013-02-04T08,4/2/13,8,7333,1.492266992,26350,5.362230362,159.8219373
2013-02-11T08,11/2/13,8,6650,1.302134325,32756,6.413941649,156.5376934
2013-02-07T22,7/2/13,22,2950,1.844903064,8769,5.484052533,157.2501563
2013-02-19T06,19/2/13,6,10660,1.926622086,36226,6.547261883,175.7337791
2013-02-27T05,27/2/13,5,8563,1.578142278,33481,6.170475488,176.4423148
2013-02-08T16,8/2/13,16,6068,1.416102684,17695,4.129521587,154.3332555
2013-02-22T02,22/2/13,2,6959,1.511840104,28443,6.179230936,165.0923311
2013-02-09T07,9/2/13,7,7646,1.357358424,29068,5.160305344,163.2671756
2013-02-25T19,25/2/13,19,3175,1.365591398,8472,3.643870968,173.1815054
2013-02-02T00,2/2/13,0,10405,3.889719626,12748,4.765607477,169.6011215
2013-02-12T01,12/2/13,1,5173,1.463366337,26786,7.577369165,163.6231966
2013-02-18T07,18/2/13,7,7396,1.662769784,34213,7.691771583,172.9793165
2013-02-26T00,26/2/13,0,5155,2.000388048,20379,7.908032596,166.5355064
2013-02-07T13,7/2/13,13,7682,1.451350841,31233,5.900812394,151.8108823
2013-02-04T10,4/2/13,10,6199,1.403123585,20563,4.654368493,145.6061566
2013-02-07T16,7/2/13,16,6857,1.54960452,20600,4.655367232,161.6729944
2013-02-25T06,25/2/13,6,7539,1.550277606,34385,7.070738227,163.125437
2013-02-09T22,9/2/13,22,1655,1.109993293,8676,5.818913481,149.7330651
2013-02-17T21,17/2/13,21,2232,1.631578947,4993,3.649853801,175.0694444
2013-02-07T17,7/2/13,17,4676,1.317925592,13954,3.932919955,168.3869786
2013-02-25T12,25/2/13,12,6520,1.318503539,25811,5.219615774,144.8
2013-02-10T19,10/2/13,19,4045,1.597551343,12753,5.036729858,161.193128
2013-02-08T00,8/2/13,0,4427,1.628771155,19940,7.336276674,170.2152318
2013-02-23T12,23/2/13,12,6031,1.345904932,17844,3.982146842,147.1638027
2013-02-05T13,5/2/13,13,6725,1.210403168,29227,5.260439165,152.7615191
2013-02-07T09,7/2/13,9,9953,1.663824808,31190,5.213975259,165.8062521
2013-02-04T05,4/2/13,5,7059,1.356195965,39581,7.604418828,154.6545629
2013-02-06T20,6/2/13,20,2073,1.148476454,5030,2.786703601,182.8293629
2013-02-22T23,22/2/13,23,3208,1.469537334,9977,4.570316079,160.3101237
2013-02-02T11,2/2/13,11,5720,1.200671704,22850,4.796389589,156.6702351
2013-02-16T02,16/2/13,2,5354,1.656047015,27433,8.485307764,183.8802969
2013-02-17T19,17/2/13,19,3188,1.434743474,8467,3.810531053,157.5657066
2013-02-04T19,4/2/13,19,3081,1.322885359,8966,3.84972091,159.4203521
2013-02-23T22,23/2/13,22,2162,1.600296077,5404,4,155.8712065
2013-02-14T19,14/2/13,19,3499,1.576126126,14288,6.436036036,163.7027027
2013-02-18T08,18/2/13,8,7436,1.597079038,34054,7.314003436,161.4046392
2013-02-14T18,14/2/13,18,4142,1.44622905,14112,4.927374302,163.1424581
2013-02-02T20,2/2/13,20,1843,1.034811903,6821,3.829870859,166.1864121
2013-02-01T22,1/2/13,22,2311,1.317559863,8791,5.011972634,161.8939567
2013-02-18T06,18/2/13,6,6436,1.44791901,27756,6.24431946,165.0431946
2013-02-11T15,11/2/13,15,7265,1.392829755,27917,5.352185583,152.7875767
2013-02-21T04,21/2/13,4,7686,1.414427678,33864,6.23187339,171.9015458
2013-02-17T22,17/2/13,22,2701,1.851267992,6442,4.415352981,192.3516107
2013-02-24T09,24/2/13,9,7292,1.664840183,24653,5.628538813,161.5844749
2013-02-08T09,8/2/13,9,8688,1.537154989,28588,5.058032555,160.4394904
2013-02-18T21,18/2/13,21,1973,1.137831603,7657,4.415801615,158.9873126
2013-02-10T20,10/2/13,20,2843,1.425062657,8108,4.064160401,162.885213
2013-02-19T07,19/2/13,7,8711,1.508398268,34717,6.011601732,174.6455411
2013-02-21T17,21/2/13,17,5364,1.406397483,14909,3.909019402,160.0104877
2013-02-08T02,8/2/13,2,7610,1.591717214,30407,6.359966534,177.0629575
2013-02-10T00,10/2/13,0,2634,1.371160854,7266,3.782404997,146.2691307
2013-02-06T21,6/2/13,21,2364,1.464684015,7689,4.76394052,182.0848823
2013-02-13T00,13/2/13,0,3574,1.323703704,13216,4.894814815,161.2892593
2013-02-18T23,18/2/13,23,2333,1.265184382,6942,3.764642082,175.9034707
2013-02-25T17,25/2/13,17,5148,1.355807216,21017,5.535159336,153.8006321
2013-02-15T18,15/2/13,18,3668,1.357512953,11560,4.278312361,149.4826055
2013-02-18T11,18/2/13,11,6300,1.367781155,23383,5.076639166,162.2071211
2013-02-22T07,22/2/13,7,9084,1.482134116,34411,5.614455866,167.8432044
2013-02-13T12,13/2/13,12,8726,1.540335393,28087,4.957987643,156.0321271
2013-02-28T08,28/2/13,8,8208,1.369140951,29427,4.908590492,175.0758966
2013-02-07T12,7/2/13,12,6373,1.20998671,22659,4.302069489,152.4488324
2013-02-24T05,24/2/13,5,5417,1.269807782,26912,6.308485701,156.3827942
2013-02-27T19,27/2/13,19,3163,1.404529307,11355,5.042184725,174.6571936
2013-02-12T20,12/2/13,20,3702,2.068156425,8118,4.535195531,193.0575419
2013-02-12T08,12/2/13,8,8206,1.366072915,36941,6.149658731,167.9052772
2013-02-26T02,26/2/13,2,6850,1.756860734,28647,7.34726853,175.3741985
2013-02-05T01,5/2/13,1,5211,1.532196413,22065,6.487797707,175.1364305
2013-02-08T23,8/2/13,23,2843,1.376755448,8280,4.00968523,160.8285714
2013-02-20T06,20/2/13,6,8442,1.38825851,27837,4.577701036,181.6267061
2013-02-23T08,23/2/13,8,8124,1.40943789,25895,4.492539903,159.9951423
2013-02-19T10,19/2/13,10,7598,1.465098342,24962,4.813343617,179.1774007
2013-02-04T03,4/2/13,3,5521,1.311090002,37829,8.98337687,152.7007837
2013-02-18T13,18/2/13,13,6328,1.25605399,34472,6.842397777,142.9833267
2013-02-26T22,26/2/13,22,2748,1.634741225,6436,3.828673409,167.5633551
2013-02-03T08,3/2/13,8,5618,1.325312574,32088,7.569709837,156.6579382
2013-02-15T10,15/2/13,10,7777,1.452830189,30338,5.667476182,154.7397721
2013-02-16T00,16/2/13,0,3782,1.633693305,7989,3.450971922,175.3922246
2013-02-15T01,15/2/13,1,6400,1.76746755,22033,6.084783209,174.0276167
2013-02-23T11,23/2/13,11,7418,1.642240425,19264,4.264777507,160.9431038
2013-02-23T15,23/2/13,15,5764,1.44027986,19826,4.954022989,149.3203398
2013-02-06T15,6/2/13,15,6044,1.172681412,23164,4.494373302,155.6261156
2013-02-23T19,23/2/13,19,2721,1.629341317,5704,3.415568862,156.4239521
2013-02-22T08,22/2/13,8,9379,1.522564935,40845,6.630681818,164.8769481
2013-02-24T23,24/2/13,23,3101,2.029450262,8160,5.340314136,183.7225131
2013-02-26T14,26/2/13,14,8222,1.454963723,33125,5.861794373,153.400814
2013-02-03T16,3/2/13,16,5350,1.282358581,23564,5.648130393,143.0239693
2013-02-04T13,4/2/13,13,5916,1.225098364,28769,5.957548147,125.0929799
2013-02-11T18,11/2/13,18,4881,1.604536489,11686,3.841551611,156.9842209
2013-02-14T00,14/2/13,0,5241,1.835726795,11782,4.126795096,172.9117338
2013-02-17T15,17/2/13,15,4771,1.205406771,17046,4.306720566,155.3408287
2013-02-10T11,10/2/13,11,6157,1.443272386,21079,4.941162682,155.2981716
2013-02-17T13,17/2/13,13,4541,1.11244488,25740,6.305732484,149.1874081
2013-02-10T13,10/2/13,13,4997,1.180486652,20545,4.853531774,150.2773447
2013-02-28T12,28/2/13,12,6930,1.251580278,26932,4.864005779,145.5580639
2013-02-01T15,1/2/13,15,5918,1.259953162,19356,4.120928252,158.3798169
2013-02-14T06,14/2/13,6,9184,1.591405302,36964,6.405129094,180.0706983
2013-02-14T16,14/2/13,16,6344,1.48850305,15921,3.735570155,159.4223369
2013-02-13T21,13/2/13,21,2611,1.487749288,6707,3.821652422,173.4866097
2013-02-05T16,5/2/13,16,5575,1.192003421,20610,4.406670943,155.9899508
2013-02-06T05,6/2/13,5,8256,1.503003823,29832,5.43091207,179.5375933
2013-02-04T14,4/2/13,14,5088,1.089507495,24558,5.258672377,125.4263383
2013-02-17T05,17/2/13,5,5565,1.301145663,33558,7.846153846,159.5898995
2013-02-16T10,16/2/13,10,6530,1.480054397,25329,5.740933817,167.5902085
2013-02-19T18,19/2/13,18,3698,1.262978142,11804,4.031420765,169.8521175
2013-02-24T06,24/2/13,6,6788,1.54377985,25080,5.703889015,166.581078
2013-02-22T06,22/2/13,6,9269,1.591791173,33726,5.791859866,166.2484973
2013-02-28T11,28/2/13,11,6910,1.253855925,31890,5.786608601,158.5481764
2013-02-26T16,26/2/13,16,6141,1.284459318,22657,4.738966743,155.4507425
2013-02-13T15,13/2/13,15,9415,1.618531889,29321,5.040570741,159.2666323
2013-02-19T22,19/2/13,22,2688,1.542168675,8013,4.597246127,186.8330465
2013-02-19T05,19/2/13,5,8345,1.457387356,47640,8.319944115,183.9109326
2013-02-15T16,15/2/13,16,6410,1.477298917,17876,4.119843282,150.5222401
2013-02-18T05,18/2/13,5,6538,1.496794872,24230,5.547161172,159.9100275
2013-02-25T08,25/2/13,8,7362,1.474759615,28388,5.686698718,155.7191506
2013-02-23T01,23/2/13,1,5805,1.515270164,18504,4.830070478,169.1868964
2013-02-22T10,22/2/13,10,7668,1.362231302,28912,5.136258661,157.1570439
2013-02-25T02,25/2/13,2,5763,1.736366375,30286,9.125037662,164.5863212
2013-02-06T18,6/2/13,18,3454,1.214486639,9383,3.299226442,165.3435302
2013-02-10T15,10/2/13,15,4653,1.093280075,22560,5.30075188,141.8016917
2013-02-28T09,28/2/13,9,9395,1.588603314,31025,5.246026378,165.4751437
2013-02-21T16,21/2/13,16,7453,1.561491724,23920,5.011523151,163.4202807
2013-02-06T14,6/2/13,14,7159,1.304720248,22189,4.043921997,152.2039366
2013-02-03T02,3/2/13,2,4407,1.337075243,25557,7.753944175,156.214199
2013-02-27T21,27/2/13,21,2894,1.68451688,10442,6.077997672,178.4877765
2013-02-11T19,11/2/13,19,2850,1.183554817,9015,3.743770764,156.967608
2013-02-05T18,5/2/13,18,4967,1.625327225,13872,4.539267016,171.2454188
2013-02-20T04,20/2/13,4,8678,1.557709567,36662,6.580865195,178.2884581
2013-02-02T14,2/2/13,14,6002,1.460696033,18246,4.440496471,157.2183013
2013-02-21T19,21/2/13,19,3851,1.6527897,8276,3.55193133,189.3643777
2013-02-09T18,9/2/13,18,3066,1.136397331,16123,5.97590808,151.2913269
2013-02-24T07,24/2/13,7,6278,1.457288765,26203,6.082404828,164.003714
2013-02-25T05,25/2/13,5,6892,1.427801947,33513,6.942821628,164.3409985
2013-02-25T18,25/2/13,18,4970,1.691626957,12674,4.313818924,173.199115
2013-02-19T19,19/2/13,19,3428,1.455626327,8325,3.535031847,167.9014862
2013-02-20T18,20/2/13,18,4195,1.379934211,13675,4.498355263,164.0871711
2013-02-09T17,9/2/13,17,4162,1.27904118,19630,6.032575292,158.0614628
2013-02-09T05,9/2/13,5,8919,1.52827279,26848,4.600411241,168.3399589
2013-02-06T11,6/2/13,11,6651,1.27830098,23226,4.463963098,160.1647127
2013-02-15T15,15/2/13,15,7130,1.438079871,18675,3.766639774,143.9762001
2013-02-11T05,11/2/13,5,6503,1.328769922,30066,6.143440948,163.5602779
2013-02-16T16,16/2/13,16,4217,1.17958042,17168,4.802237762,154.1731469
2013-02-14T05,14/2/13,5,8059,1.422846045,31658,5.589336158,175.251589
2013-02-14T01,14/2/13,1,6459,1.746619794,21563,5.830989724,184.7174148
2013-02-09T14,9/2/13,14,5656,1.320878094,20768,4.850070061,144.4131247
2013-02-14T14,14/2/13,14,7486,1.480617089,23313,4.610957278,157.471519
2013-02-16T22,16/2/13,22,3202,2.057840617,7812,5.020565553,151.7969152
2013-02-23T06,23/2/13,6,8960,1.526145461,26216,4.465338103,171.6383921
2013-02-06T03,6/2/13,3,6563,1.301924221,27586,5.472326919,178.4850228
2013-02-23T02,23/2/13,2,7225,1.565207972,34659,7.508448873,170.2941941
2013-02-15T05,15/2/13,5,8441,1.556805607,38770,7.150497971,178.3862044
2013-02-04T22,4/2/13,22,1638,1.011735639,8918,5.508338481,166.4181594
2013-02-13T07,13/2/13,7,9109,1.573229706,30219,5.219170984,177.5164076
2013-02-19T03,19/2/13,3,8839,1.86989634,41217,8.719483816,185.9805373
2013-02-09T16,9/2/13,16,4660,1.252351518,22946,6.166621876,165.3520559
2013-02-02T02,2/2/13,2,6848,1.532676813,24478,5.478513876,175.3191585
2013-02-20T08,20/2/13,8,8814,1.422760291,40951,6.610330912,165.0582728
2013-02-16T18,16/2/13,18,4348,1.685924777,11029,4.276463746,174.2830554
2013-02-07T06,7/2/13,6,10067,1.669762813,46963,7.789517333,175.3483165
2013-02-01T14,1/2/13,14,6920,1.367318712,24558,4.852400711,150.4107884
2013-02-02T18,2/2/13,18,3455,1.285342262,10299,3.831473214,162.015997
2013-02-28T01,28/2/13,1,4780,1.239626556,23055,5.978993776,168.9987033
2013-02-12T07,12/2/13,7,9669,1.636317482,32788,5.548823828,170.4036216
2013-02-14T13,14/2/13,13,7304,1.406508762,22671,4.365684575,151.4425188
2013-02-17T10,17/2/13,10,5893,1.434518014,22274,5.422103213,163.5635346
2013-02-24T01,24/2/13,1,3769,1.525293403,15103,6.112100364,163.7316876
2013-02-07T01,7/2/13,1,5330,1.444835999,21267,5.764976959,169.0590946
2013-02-25T20,25/2/13,20,3074,1.651800107,11666,6.268672757,187.7178936
2013-02-07T15,7/2/13,15,7449,1.472425381,25514,5.043289188,163.1253212
2013-02-16T17,16/2/13,17,3710,1.185682327,15901,5.081815276,150.5423458
2013-02-13T17,13/2/13,17,6557,1.643770369,14462,3.625470043,165.2208574
2013-03-01T05,1/3/13,5,9534,1.667657863,32350,5.658562183,173.9426273
2013-02-17T06,17/2/13,6,5559,1.343727339,27235,6.583272903,160.1247281
2013-02-03T20,3/2/13,20,2425,1.217369478,10258,5.149598394,160.3649598
2013-02-21T12,21/2/13,12,7131,1.256121191,28576,5.033644531,144.4160648
2013-02-26T23,26/2/13,23,3690,1.694214876,8396,3.854912764,166.4912764
2013-02-16T04,16/2/13,4,7078,1.382691932,35465,6.928110959,163.5378004
2013-02-15T04,15/2/13,4,7612,1.387279023,39084,7.123018043,173.65154
2013-02-11T07,11/2/13,7,7451,1.505860954,23299,4.708771221,164.708367
2013-02-20T07,20/2/13,7,9054,1.465048544,34761,5.624757282,169.3708738
2013-02-20T15,20/2/13,15,8473,1.508456471,28413,5.058394161,150.0868791
2013-02-13T04,13/2/13,4,9076,1.702814259,29097,5.459099437,178.850469
2013-02-12T13,12/2/13,13,8212,1.565681602,20371,3.883889418,148.4247855
2013-02-15T11,15/2/13,11,6249,1.264979757,23825,4.822874494,148.201417
2013-02-02T15,2/2/13,15,7303,1.819835535,17690,4.408173436,159.5392474
2013-02-28T19,28/2/13,19,3698,1.58372591,8185,3.505353319,166.0706638
2013-02-01T18,1/2/13,18,4351,1.548949804,17230,6.133855465,163.0544678
2013-02-04T20,4/2/13,20,2368,1.302530253,9018,4.96039604,173.1617162
2013-02-16T23,16/2/13,23,2001,1.288473921,7024,4.522858983,170.8718609
2013-02-19T21,19/2/13,21,2666,1.593544531,5776,3.452480574,177.1326958
2013-02-20T10,20/2/13,10,6775,1.245404412,26550,4.880514706,167.4636029
2013-03-01T08,1/3/13,8,6960,1.178263078,42658,7.22160149,167.8486541
2013-02-25T04,25/2/13,4,6472,1.50406693,45758,10.6339763,168.1703463
2013-02-23T17,23/2/13,17,3951,1.254285714,14945,4.744444444,153.8342857
2013-02-22T05,22/2/13,5,9266,1.580689185,38634,6.590583419,175.5742068
2013-02-01T13,1/2/13,13,7094,1.354333715,24081,4.597365407,151.8783887
2013-02-01T23,1/2/13,23,2652,1.276841598,15069,7.255175734,153.9090034
2013-02-28T10,28/2/13,10,7634,1.35522812,30361,5.389845553,162.9254394
2013-02-20T22,20/2/13,22,2311,1.398064126,8453,5.113732607,167.2607381
2013-02-27T07,27/2/13,7,9179,1.53726344,41620,6.970356724,174.6791157
2013-02-05T09,5/2/13,9,7302,1.304394427,32382,5.784565916,167.4185423
2013-02-25T14,25/2/13,14,6356,1.201966717,33284,6.294251135,146.2891452
2013-02-28T18,28/2/13,18,4924,1.649028801,11007,3.686202277,165.8415941
2013-02-20T12,20/2/13,12,9539,1.807313376,27533,5.216559303,160.7946192
2013-02-20T01,20/2/13,1,4396,1.232753786,27936,7.833987661,179.9405496
2013-02-18T12,18/2/13,12,7589,1.58699289,29096,6.08448348,159.5198662
2013-02-02T09,2/2/13,9,6847,1.266321435,29142,5.389680044,152.3057148
2013-02-11T16,11/2/13,16,6472,1.360521337,20855,4.384065588,156.969939
2013-02-17T08,17/2/13,8,5692,1.356853397,22263,5.307032181,158.4750894
2013-02-01T11,1/2/13,11,7827,1.451864218,26985,5.00556483,164.508811
2013-02-04T04,4/2/13,4,5752,1.183539095,39349,8.096502058,148.5567901
2013-02-28T02,28/2/13,2,6524,1.411815624,27582,5.968837914,173.4700281
2013-02-25T09,25/2/13,9,7159,1.480355666,27407,5.667287014,153.0053763
2013-02-19T14,19/2/13,14,7313,1.281858019,29269,5.130411919,153.6050833
2013-02-03T07,3/2/13,7,6446,1.515636022,29155,6.855161063,167.7023278
2013-02-05T14,5/2/13,14,7829,1.399035025,28292,5.05575411,147.9040386
2013-02-20T20,20/2/13,20,3247,1.823133071,5530,3.104997193,168.4682762
2013-02-19T01,19/2/13,1,4064,1.250461538,16742,5.151384615,174.2901538
2013-02-06T13,6/2/13,13,6608,1.190416141,26402,4.756260133,148.3700234
2013-02-24T17,24/2/13,17,4854,1.343110127,15541,4.300221361,147.6914776
2013-02-26T06,26/2/13,6,8141,1.449350187,42617,7.587146163,170.1030799
2013-02-20T23,20/2/13,23,2858,1.398923152,11257,5.510034263,160.4434655
2013-02-22T11,22/2/13,11,7319,1.33121135,28820,5.241906148,153.5900327
2013-02-14T21,14/2/13,21,3838,2.127494457,11651,6.458425721,183.575388
2013-02-23T23,23/2/13,23,1996,1.34320323,5907,3.975100942,156.833109
2013-02-10T01,10/2/13,1,3685,1.454222573,12266,4.840568272,146.6878453
2013-02-05T03,5/2/13,3,7071,1.500318269,32984,6.998514746,185.8665394
2013-02-22T09,22/2/13,9,9540,1.58077879,38357,6.355758078,163.3090307
2013-02-17T09,17/2/13,9,8809,2.090909091,21075,5.002373606,165.9290292
2013-02-05T00,5/2/13,0,2923,1.180533118,14645,5.914781906,164.9806139
2013-02-13T06,13/2/13,6,8147,1.455601215,30973,5.533857424,177.6628551
2013-03-01T09,1/3/13,9,7887,1.400390625,30442,5.405184659,163.7750355
2013-02-03T10,3/2/13,10,6429,1.5,23136,5.398040131,157.1791881
2013-02-11T01,11/2/13,1,3490,1.48321292,20165,8.569910752,162.9065023
2013-03-01T00,1/3/13,0,4004,1.407876231,17376,6.109704641,168.7907876
2013-02-07T23,7/2/13,23,2924,1.476767677,10971,5.540909091,173.3818182
2013-02-03T23,3/2/13,23,1860,1.264445955,7767,5.280081577,161.9544528